Month,Avg Completion Time,Avg Quality Score,Avg Feedback Score,Performance Status
2026-02,3.911764705882353,7.279411764705882,3.9705882352941178,Moderate Performance
2026-03,3.7884615384615383,7.961538461538462,3.9423076923076925,Moderate Performance
